"Population","N","5<sup>th</sup> pctl","25<sup>th</sup> pctl","50<sup>th</sup> pctl","75<sup>th</sup> pctl","95<sup>th</sup> pctl","Mean","SD","Geo Mean","Geo SD"
"Aciclovir Adults",100,3059.3099,4093.57175,5140.203,6258.5155,8520.72875,5387.42284,1792.62098066276,5117.26436365691,1.37834283849428
"Aciclovir Children",100,4780.91495,6455.52275,7889.485,10507.4325,13250.474,8594.20264,2965.26594906847,8135.54885495741,1.39051178268662
